{
  "train_loss": [
    2.953754290894248,
    1.773017703368892,
    1.1498117191534993,
    0.8772899173678204,
    0.7423436131552671,
    0.6557901564614088,
    0.6047613666064647,
    0.5708781836181144,
    0.5509704819201011,
    0.5380047037829769,
    0.5267684470865828,
    0.5182030516339196,
    0.5114965242318081,
    0.5057831888196499,
    0.5029960342362038,
    0.4983577814177488,
    0.4975042713241539,
    0.4973417200434949,
    0.4935651916389051,
    0.4962548720636584
  ],
  "train_acc": [
    0.4858094768015795,
    0.8172507403751234,
    0.8967176702862784,
    0.9274432379072063,
    0.93928923988154,
    0.9613770977295163,
    0.9691510365251728,
    0.9749506416584403,
    0.9776653504442251,
    0.9795162882527148,
    0.9821076011846002,
    0.9830947680157947,
    0.983218163869694,
    0.9830947680157947,
    0.9846989141164857,
    0.9860562685093781,
    0.9863030602171767,
    0.9870434353405726,
    0.9863030602171767,
    0.9853158933859822
  ],
  "val_loss": [
    2.6666192142052054,
    1.346732221892628,
    0.8722407050186066,
    0.6962868161421402,
    0.603676530175239,
    0.5465992478371333,
    0.5202814711298166,
    0.5018393569772348,
    0.4916441673419427,
    0.4860476438895878,
    0.47908119198161353,
    0.4787018588378994,
    0.4748797091381438,
    0.47256909411824893,
    0.472623447327244,
    0.4709260978330523,
    0.4705874771608663,
    0.4695138156330727,
    0.46983966085562584,
    0.469218963055574
  ],
  "val_acc": [
    0.7875611460517121,
    0.89937106918239,
    0.9615653389238294,
    0.9692522711390635,
    0.9741439552760307,
    0.9741439552760307,
    0.976240391334731,
    0.9797344514325647,
    0.9832285115303984,
    0.9846261355695318,
    0.9860237596086653,
    0.9860237596086653,
    0.9888190076869322,
    0.9881201956673655,
    0.9888190076869322,
    0.9888190076869322,
    0.9888190076869322,
    0.9888190076869322,
    0.9888190076869322,
    0.9888190076869322
  ]
}