{
  "train_loss": [
    1.6930676883889633,
    1.097607980322222,
    0.9554600583196317,
    0.8764061417326633,
    0.840508972497616
  ],
  "train_acc": [
    0.6178827719868001,
    0.798648577863915,
    0.8494578597244775,
    0.8775339165051596,
    0.8895814781834372
  ],
  "val_loss": [
    1.1684830231907106,
    0.9649149359510631,
    0.8873729174497927,
    0.8343678765905364,
    0.8050513312795395
  ],
  "val_acc": [
    0.7700296735905044,
    0.8465875370919881,
    0.8780415430267062,
    0.8940652818991098,
    0.9091988130563798
  ]
}